open_time,open,high,low,close,volume
2025-12-06 14:09:00,89672.23,89676.26,89672.22,89676.25,7.73011
2025-12-06 14:10:00,89676.26,89681.18,89666.34,89670.04,18.33326
2025-12-06 14:11:00,89670.03,89720.0,89670.03,89715.94,20.60933
2025-12-06 14:12:00,89715.94,89723.02,89715.94,89723.02,11.41456
2025-12-06 14:13:00,89723.02,89740.13,89723.01,89740.12,8.25884
2025-12-06 14:14:00,89740.12,89740.14,89740.12,89740.13,2.33768
2025-12-06 14:15:00,89740.13,90054.52,89740.12,89954.22,145.64562
2025-12-06 14:16:00,89954.22,89980.0,89919.45,89980.0,32.16135
2025-12-06 14:17:00,89979.99,90191.64,89974.83,90182.62,62.44579
2025-12-06 14:18:00,90182.62,90289.97,90091.73,90143.28,87.59104
2025-12-06 14:19:00,90143.29,90143.29,90048.68,90078.64,14.22762
2025-12-06 14:20:00,90078.63,90078.64,89956.57,89973.52,25.01569
2025-12-06 14:21:00,89973.53,89973.53,89935.75,89968.7,16.68811
2025-12-06 14:22:00,89968.7,90073.75,89968.7,89988.01,34.42191
2025-12-06 14:23:00,90000.97,90018.99,89993.24,90016.19,11.35206
2025-12-06 14:24:00,90016.2,90016.2,89897.61,89930.75,35.93225
2025-12-06 14:25:00,89930.75,89956.92,89919.63,89954.46,7.24357
2025-12-06 14:26:00,89954.46,89954.47,89923.71,89923.71,4.66288
2025-12-06 14:27:00,89923.7,89923.71,89901.53,89916.52,6.53824
2025-12-06 14:28:00,89916.52,89937.19,89916.52,89931.18,4.2253
2025-12-06 14:29:00,89931.17,89934.05,89918.6,89934.04,4.28119
2025-12-06 14:30:00,89934.05,89944.64,89904.57,89944.64,6.95158
2025-12-06 14:31:00,89945.18,90068.41,89945.17,90068.41,11.74987
2025-12-06 14:32:00,90068.4,90079.75,90013.23,90013.23,10.99079
2025-12-06 14:33:00,90013.23,90013.24,89990.71,90013.07,4.85429
2025-12-06 14:34:00,90013.08,90013.08,90013.07,90013.08,2.68636
2025-12-06 14:35:00,90013.08,90013.08,89981.1,89994.2,8.66525
2025-12-06 14:36:00,89994.2,89994.2,89960.84,89962.22,8.22985
2025-12-06 14:37:00,89962.22,90000.0,89962.22,89984.9,4.97856
2025-12-06 14:38:00,89984.89,90078.95,89984.89,90078.94,15.98139
2025-12-06 14:39:00,90078.95,90079.75,90040.06,90079.74,16.56181
2025-12-06 14:40:00,90079.74,90079.74,90049.43,90049.44,9.8486
2025-12-06 14:41:00,90049.43,90074.37,90049.43,90074.36,7.7781
2025-12-06 14:42:00,90074.36,90079.75,90050.0,90050.0,9.10054
2025-12-06 14:43:00,90050.0,90050.01,89980.2,89982.21,21.31974
2025-12-06 14:44:00,89982.21,90064.7,89974.56,90064.5,62.37825
2025-12-06 14:45:00,90064.5,90192.78,90064.5,90141.66,41.52021
2025-12-06 14:46:00,90141.65,90200.01,90120.04,90158.86,92.36258
2025-12-06 14:47:00,90158.86,90170.15,90150.01,90170.0,26.70735
2025-12-06 14:48:00,90170.01,90170.01,90118.74,90130.04,33.28387
2025-12-06 14:49:00,90130.04,90130.04,90089.86,90089.87,17.26893
2025-12-06 14:50:00,90089.87,90091.64,90014.0,90014.0,15.30703
2025-12-06 14:51:00,90014.01,90043.91,90014.0,90030.15,5.40041
2025-12-06 14:52:00,90030.15,90071.95,90019.35,90071.95,3.44668
2025-12-06 14:53:00,90071.94,90079.3,90055.84,90079.3,4.50909
2025-12-06 14:54:00,90079.3,90079.31,90060.09,90060.1,2.54663
2025-12-06 14:55:00,90060.1,90089.62,90060.09,90085.45,4.03916
2025-12-06 14:56:00,90085.45,90085.46,90058.9,90061.36,5.49488
2025-12-06 14:57:00,90061.36,90061.36,90029.91,90049.29,6.62163
2025-12-06 14:58:00,90049.28,90049.29,90010.46,90010.46,3.12354
2025-12-06 14:59:00,90010.46,90010.47,90004.75,90004.76,2.66488
2025-12-06 15:00:00,90004.76,90042.54,89976.46,89976.46,6.69495
2025-12-06 15:01:00,89976.46,89976.47,89950.0,89950.0,6.95951
2025-12-06 15:02:00,89950.0,89950.01,89900.0,89910.61,8.54317
2025-12-06 15:03:00,89910.62,89947.69,89900.38,89926.86,7.69275
2025-12-06 15:04:00,89926.87,89957.56,89918.51,89957.56,5.00278
2025-12-06 15:05:00,89957.55,89957.55,89914.0,89914.01,5.41074
2025-12-06 15:06:00,89914.0,89914.0,89830.55,89834.18,10.64732
2025-12-06 15:07:00,89834.6,89862.09,89832.32,89851.73,15.47012
2025-12-06 15:08:00,89851.72,89851.73,89819.24,89826.43,16.10005
2025-12-06 15:09:00,89826.44,89852.07,89823.87,89852.07,5.2764
2025-12-06 15:10:00,89852.06,89913.26,89852.06,89913.25,13.63739
2025-12-06 15:11:00,89913.25,89913.26,89875.69,89894.91,4.86639
2025-12-06 15:12:00,89894.91,89894.92,89860.48,89860.48,2.06444
2025-12-06 15:13:00,89860.48,89860.48,89833.66,89833.67,7.86042
2025-12-06 15:14:00,89833.66,89853.22,89833.66,89841.38,5.59052
2025-12-06 15:15:00,89841.38,89841.39,89777.56,89777.56,7.93818
2025-12-06 15:16:00,89777.56,89777.57,89590.0,89655.58,30.92988
2025-12-06 15:17:00,89655.58,89684.0,89621.98,89644.78,10.56619
2025-12-06 15:18:00,89644.78,89644.78,89590.02,89607.35,11.15629
2025-12-06 15:19:00,89607.36,89607.36,89533.01,89543.58,27.44091
2025-12-06 15:20:00,89544.46,89631.28,89544.46,89629.72,10.85782
2025-12-06 15:21:00,89629.72,89688.56,89608.02,89688.55,16.33354
2025-12-06 15:22:00,89688.56,89694.96,89629.29,89629.29,5.49784
2025-12-06 15:23:00,89629.29,89629.3,89490.98,89524.45,18.82607
2025-12-06 15:24:00,89524.45,89592.61,89524.45,89592.6,11.96127
2025-12-06 15:25:00,89592.6,89592.6,89553.81,89561.1,3.84194
2025-12-06 15:26:00,89561.1,89585.15,89553.8,89585.14,5.56235
2025-12-06 15:27:00,89585.15,89614.38,89571.71,89614.37,5.14783
2025-12-06 15:28:00,89614.38,89630.74,89595.22,89630.74,2.64926
2025-12-06 15:29:00,89630.73,89639.84,89608.25,89639.84,2.21578
2025-12-06 15:30:00,89639.84,89699.6,89639.84,89648.34,13.29188
2025-12-06 15:31:00,89648.33,89679.87,89640.22,89679.87,2.02535
2025-12-06 15:32:00,89679.86,89707.87,89633.26,89647.69,5.25954
2025-12-06 15:33:00,89647.68,89647.69,89572.98,89594.09,5.07163
2025-12-06 15:34:00,89594.09,89626.86,89572.84,89615.21,3.73722
2025-12-06 15:35:00,89615.21,89617.39,89575.88,89617.38,4.31936
2025-12-06 15:36:00,89617.39,89677.98,89617.39,89659.0,5.40425
2025-12-06 15:37:00,89659.0,89659.01,89634.33,89646.1,2.78146
2025-12-06 15:38:00,89646.1,89682.0,89646.1,89651.04,2.35271
2025-12-06 15:39:00,89651.05,89694.27,89651.04,89694.26,1.58368
2025-12-06 15:40:00,89694.27,89884.05,89694.26,89884.05,33.5876
2025-12-06 15:41:00,89884.05,89893.13,89805.4,89805.4,22.01908
2025-12-06 15:42:00,89805.4,89914.0,89805.4,89903.19,5.87142
2025-12-06 15:43:00,89903.2,89903.2,89869.37,89889.67,3.05492
2025-12-06 15:44:00,89889.66,89897.56,89862.79,89873.61,7.15394
2025-12-06 15:45:00,89873.6,89915.75,89860.55,89915.75,5.55077
2025-12-06 15:46:00,89915.74,89950.9,89910.39,89910.39,4.83575
2025-12-06 15:47:00,89910.39,89910.4,89871.03,89871.03,11.33783
2025-12-06 15:48:00,89871.04,89898.79,89863.98,89898.79,1.98725
2025-12-06 15:49:00,89898.78,89913.64,89898.78,89906.69,1.16775
2025-12-06 15:50:00,89906.69,89906.69,89880.82,89889.64,1.67561
2025-12-06 15:51:00,89889.64,89889.64,89859.19,89880.56,4.13439
2025-12-06 15:52:00,89880.56,89880.57,89854.52,89854.53,1.30695
2025-12-06 15:53:00,89854.53,89878.61,89854.52,89862.87,1.9578
2025-12-06 15:54:00,89862.86,89878.81,89862.86,89878.8,1.37969
2025-12-06 15:55:00,89878.8,89878.81,89840.99,89844.49,3.3226
2025-12-06 15:56:00,89844.49,89844.5,89844.49,89844.49,0.83884
2025-12-06 15:57:00,89844.5,89864.24,89844.49,89864.23,1.54584
2025-12-06 15:58:00,89864.23,89882.48,89864.23,89882.47,1.83536
2025-12-06 15:59:00,89882.47,89882.47,89726.53,89758.77,22.05899
2025-12-06 16:00:00,89758.77,89781.62,89745.74,89764.61,7.46849
2025-12-06 16:01:00,89764.61,89816.94,89764.61,89816.94,2.88121
2025-12-06 16:02:00,89816.94,89869.38,89812.0,89857.6,4.05093
2025-12-06 16:03:00,89857.6,89914.0,89857.6,89914.0,2.78926
2025-12-06 16:04:00,89914.0,89941.04,89903.33,89914.47,5.53375
2025-12-06 16:05:00,89914.47,89939.19,89880.42,89939.19,2.32131
2025-12-06 16:06:00,89939.19,89950.0,89918.89,89918.89,2.67146
2025-12-06 16:07:00,89918.9,89963.9,89918.89,89963.9,1.01971
2025-12-06 16:08:00,89963.89,89972.44,89956.62,89956.69,5.0033
2025-12-06 16:09:00,89956.69,89974.2,89956.69,89974.2,2.74752
2025-12-06 16:10:00,89974.2,89981.2,89969.11,89969.12,7.71021
2025-12-06 16:11:00,89969.12,89975.31,89956.7,89960.41,6.25462
2025-12-06 16:12:00,89960.41,89960.41,89927.89,89927.9,5.30249
2025-12-06 16:13:00,89927.89,89950.0,89927.89,89939.11,4.54579
2025-12-06 16:14:00,89939.1,89939.11,89939.1,89939.11,1.40664
2025-12-06 16:15:00,89939.11,89976.79,89939.11,89976.78,5.07574
2025-12-06 16:16:00,89976.79,89976.79,89922.99,89922.99,2.71285
2025-12-06 16:17:00,89923.0,89936.83,89896.06,89923.67,13.70316
2025-12-06 16:18:00,89923.67,89929.68,89899.63,89899.64,10.89912
2025-12-06 16:19:00,89899.64,89925.24,89899.63,89925.24,3.62138
2025-12-06 16:20:00,89925.23,89925.24,89900.0,89900.0,2.43816
2025-12-06 16:21:00,89900.01,89900.01,89862.2,89869.99,13.7935
2025-12-06 16:22:00,89869.99,89900.0,89869.99,89896.17,4.12314
2025-12-06 16:23:00,89896.17,89919.97,89884.95,89893.9,8.73512
2025-12-06 16:24:00,89893.89,89904.91,89873.03,89904.91,4.55087
2025-12-06 16:25:00,89904.9,89926.2,89893.96,89893.97,2.45238
2025-12-06 16:26:00,89893.97,89928.27,89888.82,89918.87,4.19606
2025-12-06 16:27:00,89918.87,89918.88,89888.0,89888.01,2.23361
2025-12-06 16:28:00,89888.0,89888.0,89869.37,89869.37,2.00467
2025-12-06 16:29:00,89869.37,89890.09,89869.37,89882.46,8.19794
2025-12-06 16:30:00,89882.47,89882.47,89845.51,89845.51,13.71517
2025-12-06 16:31:00,89845.51,89845.52,89800.0,89819.43,13.31606
2025-12-06 16:32:00,89819.42,89873.06,89819.42,89855.96,4.20152
2025-12-06 16:33:00,89855.96,89870.66,89835.13,89835.14,3.92568
2025-12-06 16:34:00,89835.14,89848.84,89835.13,89848.83,2.72429
2025-12-06 16:35:00,89848.83,89848.83,89801.37,89807.62,9.41974
2025-12-06 16:36:00,89807.61,89831.63,89807.61,89831.63,10.21502
2025-12-06 16:37:00,89831.63,89881.86,89831.62,89881.86,15.41443
2025-12-06 16:38:00,89881.85,89881.86,89840.01,89840.02,2.01364
2025-12-06 16:39:00,89840.02,89913.55,89840.01,89888.91,20.16535
2025-12-06 16:40:00,89888.91,89927.02,89888.55,89889.58,4.49442
2025-12-06 16:41:00,89889.59,89889.59,89822.87,89822.88,2.15356
2025-12-06 16:42:00,89822.87,89838.0,89822.87,89825.14,2.67004
2025-12-06 16:43:00,89825.14,89825.14,89801.37,89801.38,2.36774
2025-12-06 16:44:00,89801.38,89824.49,89801.37,89824.49,4.64545
2025-12-06 16:45:00,89824.48,89824.49,89814.95,89814.97,1.61308
2025-12-06 16:46:00,89814.97,89831.73,89814.95,89814.96,3.42355
2025-12-06 16:47:00,89814.95,89814.96,89806.59,89811.99,4.77341
2025-12-06 16:48:00,89811.99,89812.0,89788.0,89788.01,3.21138
2025-12-06 16:49:00,89788.01,89788.01,89752.0,89752.0,2.32129
2025-12-06 16:50:00,89752.0,89752.01,89712.01,89712.01,4.725
2025-12-06 16:51:00,89712.02,89712.02,89712.0,89712.0,0.41428
2025-12-06 16:52:00,89712.01,89712.01,89680.34,89680.34,3.79794
2025-12-06 16:53:00,89680.34,89690.05,89680.34,89690.05,5.90652
2025-12-06 16:54:00,89690.05,89690.05,89690.04,89690.04,0.44712
2025-12-06 16:55:00,89690.04,89716.0,89689.95,89697.31,4.91703
2025-12-06 16:56:00,89697.3,89697.31,89683.44,89683.45,1.39257
2025-12-06 16:57:00,89683.45,89704.68,89683.44,89704.68,3.57247
2025-12-06 16:58:00,89704.68,89707.81,89704.67,89707.8,1.70065
2025-12-06 16:59:00,89707.81,89707.81,89707.8,89707.8,0.37272
2025-12-06 17:00:00,89707.8,89707.82,89683.98,89685.64,13.07744
2025-12-06 17:01:00,89685.64,89685.64,89626.21,89640.71,7.33036
2025-12-06 17:02:00,89640.71,89683.18,89640.71,89649.39,5.99159
2025-12-06 17:03:00,89649.4,89689.68,89649.39,89660.97,3.89029
2025-12-06 17:04:00,89660.97,89744.4,89660.97,89744.4,4.87338
2025-12-06 17:05:00,89744.4,89779.85,89744.4,89761.9,6.54123
2025-12-06 17:06:00,89761.9,89761.91,89710.0,89710.0,1.37749
2025-12-06 17:07:00,89710.0,89731.76,89710.0,89714.12,3.34656
2025-12-06 17:08:00,89714.12,89765.98,89714.11,89754.35,8.49709
2025-12-06 17:09:00,89754.34,89780.75,89754.34,89776.04,4.12686
2025-12-06 17:10:00,89776.05,89776.05,89700.57,89700.57,2.2064
2025-12-06 17:11:00,89700.57,89700.57,89643.81,89644.0,2.07617
2025-12-06 17:12:00,89644.0,89676.48,89636.39,89676.48,10.68669
2025-12-06 17:13:00,89676.48,89698.84,89666.21,89698.84,2.91675
2025-12-06 17:14:00,89698.83,89698.84,89682.22,89698.76,0.94407
2025-12-06 17:15:00,89698.75,89698.76,89653.94,89653.94,7.2895
2025-12-06 17:16:00,89653.95,89682.72,89653.94,89660.76,3.35379
2025-12-06 17:17:00,89660.75,89660.76,89659.0,89659.01,0.3837
2025-12-06 17:18:00,89659.01,89679.98,89659.0,89660.55,7.55847
2025-12-06 17:19:00,89660.55,89660.56,89650.02,89650.03,2.48233
2025-12-06 17:20:00,89650.03,89650.03,89650.02,89650.03,1.80976
2025-12-06 17:21:00,89650.02,89650.03,89650.02,89650.03,0.35765
2025-12-06 17:22:00,89650.03,89650.03,89633.14,89633.15,6.41162
2025-12-06 17:23:00,89633.15,89723.3,89633.14,89723.29,10.37792
2025-12-06 17:24:00,89723.3,89748.41,89715.39,89715.39,1.97827
2025-12-06 17:25:00,89715.39,89752.64,89715.39,89751.99,3.38831
2025-12-06 17:26:00,89751.99,89752.0,89729.65,89729.65,1.2534
2025-12-06 17:27:00,89729.65,89729.66,89729.65,89729.66,3.63824
2025-12-06 17:28:00,89729.66,89775.14,89729.65,89771.35,19.8198
2025-12-06 17:29:00,89771.34,89846.98,89771.34,89844.48,26.45739
2025-12-06 17:30:00,89844.47,89844.47,89764.54,89764.55,6.68231
2025-12-06 17:31:00,89764.54,89764.54,89748.84,89757.28,1.60509
2025-12-06 17:32:00,89757.29,89784.1,89757.28,89764.19,8.20078
2025-12-06 17:33:00,89764.19,89764.19,89761.96,89761.97,0.92558
2025-12-06 17:34:00,89761.97,89761.97,89680.47,89680.48,9.38768
2025-12-06 17:35:00,89680.48,89694.31,89680.48,89687.19,5.8684
2025-12-06 17:36:00,89687.18,89728.4,89687.18,89720.0,6.71692
2025-12-06 17:37:00,89720.01,89728.39,89710.0,89710.01,10.3374
2025-12-06 17:38:00,89710.0,89720.01,89704.55,89704.55,5.77309
2025-12-06 17:39:00,89704.55,89704.56,89659.0,89659.0,8.05182
2025-12-06 17:40:00,89659.01,89673.49,89659.0,89659.02,7.09495
2025-12-06 17:41:00,89659.02,89678.97,89653.01,89678.97,4.36007
2025-12-06 17:42:00,89678.97,89678.97,89659.0,89659.0,3.46356
2025-12-06 17:43:00,89659.01,89669.0,89659.0,89663.85,4.84154
2025-12-06 17:44:00,89663.84,89663.85,89663.84,89663.85,0.62849
2025-12-06 17:45:00,89663.84,89669.0,89659.0,89659.01,4.78868
2025-12-06 17:46:00,89659.01,89696.14,89659.0,89674.83,5.94805
2025-12-06 17:47:00,89674.83,89674.83,89674.82,89674.83,0.39803
2025-12-06 17:48:00,89674.83,89674.83,89654.5,89654.5,2.42466
2025-12-06 17:49:00,89654.5,89667.49,89654.5,89659.01,4.27279
2025-12-06 17:50:00,89659.01,89659.01,89620.21,89620.21,4.58184
2025-12-06 17:51:00,89620.22,89633.22,89615.38,89624.24,5.79738
2025-12-06 17:52:00,89624.24,89646.65,89617.2,89646.64,3.83691
2025-12-06 17:53:00,89646.64,89676.45,89646.64,89676.45,2.45635
2025-12-06 17:54:00,89676.44,89676.45,89676.44,89676.44,1.26771
2025-12-06 17:55:00,89676.45,89676.45,89659.0,89676.43,2.54807
2025-12-06 17:56:00,89676.44,89680.0,89676.43,89679.99,6.99465
2025-12-06 17:57:00,89680.0,89680.0,89679.99,89679.99,0.25705
2025-12-06 17:58:00,89679.99,89715.7,89679.99,89713.41,5.45202
2025-12-06 17:59:00,89713.41,89713.41,89712.85,89712.85,1.38174
2025-12-06 18:00:00,89712.85,89720.0,89681.91,89681.92,7.72399
2025-12-06 18:01:00,89681.92,89681.92,89648.46,89648.47,2.14551
2025-12-06 18:02:00,89648.47,89658.78,89648.46,89658.78,2.30067
2025-12-06 18:03:00,89658.78,89658.78,89627.78,89627.79,1.4117
2025-12-06 18:04:00,89627.78,89676.09,89627.78,89676.08,3.09996
2025-12-06 18:05:00,89676.09,89676.09,89659.0,89659.0,0.98146
2025-12-06 18:06:00,89659.0,89690.3,89659.0,89672.31,2.34391
2025-12-06 18:07:00,89672.31,89672.31,89646.5,89646.51,1.7383
2025-12-06 18:08:00,89646.51,89646.51,89643.16,89643.16,0.8145
2025-12-06 18:09:00,89643.16,89664.95,89643.16,89652.12,4.87126
2025-12-06 18:10:00,89652.12,89667.2,89646.23,89667.19,1.62302
2025-12-06 18:11:00,89667.2,89667.21,89667.19,89667.21,1.45896
2025-12-06 18:12:00,89667.21,89667.21,89667.2,89667.2,0.45405
2025-12-06 18:13:00,89667.21,89720.0,89667.21,89720.0,5.97181
2025-12-06 18:14:00,89720.0,89766.14,89719.99,89766.14,8.20269
2025-12-06 18:15:00,89766.14,89766.14,89748.83,89748.84,2.38106
2025-12-06 18:16:00,89748.84,89748.84,89740.8,89740.8,0.81865
2025-12-06 18:17:00,89740.8,89777.8,89740.8,89777.79,7.18966
2025-12-06 18:18:00,89777.8,89787.99,89773.94,89787.98,3.95899
2025-12-06 18:19:00,89787.98,89787.99,89722.95,89722.95,3.74809
2025-12-06 18:20:00,89722.96,89722.96,89722.95,89722.96,1.38917
2025-12-06 18:21:00,89722.95,89722.95,89700.0,89700.0,1.32063
2025-12-06 18:22:00,89700.01,89727.35,89699.95,89727.34,5.19743
2025-12-06 18:23:00,89727.35,89739.44,89699.16,89699.17,2.63544
2025-12-06 18:24:00,89699.17,89722.86,89699.16,89722.86,3.27481
2025-12-06 18:25:00,89722.86,89736.76,89712.87,89725.52,1.44468
2025-12-06 18:26:00,89725.53,89767.28,89725.52,89767.28,3.26669
2025-12-06 18:27:00,89767.27,89774.99,89761.52,89761.52,2.66853
2025-12-06 18:28:00,89761.52,89761.53,89761.52,89761.53,0.71193
2025-12-06 18:29:00,89761.52,89761.53,89761.52,89761.53,0.9047
2025-12-06 18:30:00,89761.52,89761.53,89693.06,89693.07,10.62917
2025-12-06 18:31:00,89693.06,89717.84,89693.06,89717.83,4.10941
2025-12-06 18:32:00,89717.83,89717.84,89695.4,89701.02,1.82364
2025-12-06 18:33:00,89701.02,89752.0,89701.01,89751.99,3.4438
2025-12-06 18:34:00,89751.99,89756.1,89735.46,89735.46,1.68706
2025-12-06 18:35:00,89735.46,89735.47,89718.22,89725.57,3.43571
2025-12-06 18:36:00,89725.57,89725.58,89722.96,89722.96,0.40827
2025-12-06 18:37:00,89722.97,89722.97,89718.21,89722.97,5.1426
2025-12-06 18:38:00,89722.97,89722.97,89710.0,89710.0,0.48356
2025-12-06 18:39:00,89710.0,89710.0,89680.03,89696.26,1.18049
2025-12-06 18:40:00,89696.25,89696.25,89669.4,89679.73,2.76433
2025-12-06 18:41:00,89679.74,89722.55,89679.73,89722.55,5.98891
2025-12-06 18:42:00,89722.55,89722.55,89710.89,89710.89,0.71302
2025-12-06 18:43:00,89710.9,89710.9,89677.61,89677.62,3.62252
2025-12-06 18:44:00,89677.62,89677.62,89640.43,89640.43,1.9127
2025-12-06 18:45:00,89640.44,89646.72,89625.24,89646.72,3.13021
2025-12-06 18:46:00,89646.71,89646.72,89620.14,89620.15,1.54313
2025-12-06 18:47:00,89620.14,89633.77,89600.75,89600.76,4.80674
2025-12-06 18:48:00,89600.76,89628.76,89600.75,89628.75,4.71224
2025-12-06 18:49:00,89628.75,89628.75,89608.0,89612.94,0.79197
2025-12-06 18:50:00,89612.94,89612.94,89600.0,89612.51,4.19605
2025-12-06 18:51:00,89612.52,89634.81,89612.51,89634.8,2.23983
2025-12-06 18:52:00,89634.8,89634.8,89529.9,89555.84,6.75674
2025-12-06 18:53:00,89555.84,89574.57,89555.83,89574.57,5.57089
2025-12-06 18:54:00,89574.56,89574.57,89574.56,89574.56,0.72131
2025-12-06 18:55:00,89574.56,89607.57,89574.56,89607.56,2.12447
2025-12-06 18:56:00,89607.57,89627.12,89582.02,89601.98,5.84732
2025-12-06 18:57:00,89601.99,89634.69,89601.98,89634.69,3.46834
2025-12-06 18:58:00,89634.68,89646.71,89634.68,89646.7,0.68406
2025-12-06 18:59:00,89646.7,89646.71,89646.7,89646.71,0.1796
2025-12-06 19:00:00,89646.7,89646.71,89620.76,89646.71,7.64481
2025-12-06 19:01:00,89646.71,89734.73,89646.7,89730.99,10.16091
2025-12-06 19:02:00,89730.98,89744.62,89690.01,89690.02,6.08077
2025-12-06 19:03:00,89690.02,89724.32,89690.01,89713.94,3.4086
2025-12-06 19:04:00,89713.94,89716.85,89699.91,89716.85,2.77888
2025-12-06 19:05:00,89716.85,89716.85,89716.84,89716.84,0.37622
2025-12-06 19:06:00,89716.84,89728.49,89716.84,89728.49,2.56617
2025-12-06 19:07:00,89728.49,89728.49,89363.64,89363.65,61.5455
2025-12-06 19:08:00,89363.64,89512.04,89333.33,89483.85,49.70035
2025-12-06 19:09:00,89483.85,89526.14,89448.62,89525.99,14.12722
2025-12-06 19:10:00,89525.99,89526.0,89461.47,89495.71,3.7246
2025-12-06 19:11:00,89495.71,89519.5,89458.48,89519.5,3.59755
2025-12-06 19:12:00,89519.5,89519.5,89483.0,89483.01,2.1401
2025-12-06 19:13:00,89483.01,89516.91,89480.93,89480.93,2.79336
2025-12-06 19:14:00,89480.94,89487.21,89480.93,89487.2,0.38959
2025-12-06 19:15:00,89487.21,89514.95,89487.2,89514.95,1.66669
2025-12-06 19:16:00,89514.95,89563.48,89506.0,89563.48,6.19381
2025-12-06 19:17:00,89563.48,89572.56,89553.81,89554.1,1.80515
2025-12-06 19:18:00,89554.1,89567.25,89554.1,89564.13,0.83876
2025-12-06 19:19:00,89564.13,89564.13,89560.09,89560.09,0.61515
2025-12-06 19:20:00,89560.09,89560.1,89508.16,89520.23,10.14155
2025-12-06 19:21:00,89520.24,89549.22,89520.23,89549.21,1.8609
2025-12-06 19:22:00,89549.21,89549.21,89521.58,89521.59,1.04914
2025-12-06 19:23:00,89521.59,89521.59,89506.0,89511.96,1.37564
2025-12-06 19:24:00,89511.97,89522.42,89500.0,89521.59,3.92749
2025-12-06 19:25:00,89521.59,89521.59,89492.88,89501.77,2.7074
2025-12-06 19:26:00,89501.77,89531.92,89465.16,89469.99,12.06077
2025-12-06 19:27:00,89469.99,89469.99,89380.0,89435.56,19.51077
2025-12-06 19:28:00,89435.57,89488.15,89435.56,89488.15,3.36251
2025-12-06 19:29:00,89488.14,89554.0,89476.51,89554.0,8.38538
2025-12-06 19:30:00,89554.09,89559.73,89418.75,89418.76,17.92397
2025-12-06 19:31:00,89418.76,89418.76,89392.65,89404.0,9.02445
2025-12-06 19:32:00,89404.0,89404.0,89302.0,89331.43,30.56638
2025-12-06 19:33:00,89331.42,89377.15,89077.6,89341.57,304.80946
2025-12-06 19:34:00,89341.56,89385.25,89341.56,89385.24,5.84795
2025-12-06 19:35:00,89385.25,89410.31,89385.24,89410.31,4.93658
2025-12-06 19:36:00,89410.3,89418.41,89400.29,89400.29,4.90563
2025-12-06 19:37:00,89400.29,89400.29,89378.1,89378.11,5.50478
2025-12-06 19:38:00,89378.1,89381.86,89359.82,89370.48,4.47118
2025-12-06 19:39:00,89370.48,89377.38,89369.88,89377.38,1.35484
2025-12-06 19:40:00,89377.38,89397.65,89377.38,89397.64,3.45512
2025-12-06 19:41:00,89397.64,89427.33,89397.64,89427.33,4.02719
2025-12-06 19:42:00,89427.32,89489.63,89427.32,89476.5,8.18717
2025-12-06 19:43:00,89476.51,89476.51,89420.69,89430.67,5.96613
2025-12-06 19:44:00,89430.66,89432.7,89422.09,89432.69,2.41189
2025-12-06 19:45:00,89432.7,89432.7,89432.69,89432.69,0.22351
2025-12-06 19:46:00,89432.7,89467.49,89432.69,89467.49,1.83614
2025-12-06 19:47:00,89467.48,89467.49,89448.62,89448.62,0.79682
2025-12-06 19:48:00,89448.63,89448.63,89436.16,89436.16,0.82092
2025-12-06 19:49:00,89436.16,89470.94,89427.25,89470.1,2.99656
2025-12-06 19:50:00,89470.09,89470.1,89431.82,89431.83,3.49595
2025-12-06 19:51:00,89431.82,89431.83,89431.82,89431.82,0.2638
2025-12-06 19:52:00,89431.82,89431.83,89424.99,89424.99,0.97158
2025-12-06 19:53:00,89424.99,89425.0,89404.0,89404.0,1.705
2025-12-06 19:54:00,89404.0,89404.01,89404.0,89404.01,0.9289
2025-12-06 19:55:00,89404.01,89404.01,89360.0,89364.79,5.89698
2025-12-06 19:56:00,89364.79,89410.51,89364.78,89410.51,4.85539
2025-12-06 19:57:00,89410.5,89410.51,89404.0,89404.01,1.66525
2025-12-06 19:58:00,89404.0,89410.16,89404.0,89410.16,1.00963
2025-12-06 19:59:00,89410.15,89410.16,89405.64,89405.64,0.76927
2025-12-06 20:00:00,89405.65,89452.05,89405.64,89452.04,3.55149
2025-12-06 20:01:00,89452.04,89458.6,89439.04,89439.05,3.34013
2025-12-06 20:02:00,89439.05,89462.0,89439.04,89462.0,0.4905
2025-12-06 20:03:00,89462.0,89498.4,89461.99,89498.39,4.39694
2025-12-06 20:04:00,89498.39,89498.39,89448.62,89448.63,4.40108
2025-12-06 20:05:00,89448.62,89448.62,89431.99,89431.99,1.85723
2025-12-06 20:06:00,89431.99,89467.79,89431.99,89467.79,0.50391
2025-12-06 20:07:00,89467.79,89467.79,89383.82,89383.83,3.76053
2025-12-06 20:08:00,89383.83,89389.69,89311.99,89348.07,10.29936
2025-12-06 20:09:00,89348.08,89368.8,89337.4,89337.41,4.97999
2025-12-06 20:10:00,89337.41,89378.09,89337.4,89378.08,0.69008
2025-12-06 20:11:00,89378.07,89410.0,89378.07,89398.53,1.94649
2025-12-06 20:12:00,89398.53,89426.0,89398.53,89425.99,2.1984
2025-12-06 20:13:00,89425.99,89426.0,89425.99,89425.99,0.19712
2025-12-06 20:14:00,89426.0,89426.0,89392.43,89392.44,3.17881
2025-12-06 20:15:00,89392.43,89392.44,89374.42,89387.75,1.24589
2025-12-06 20:16:00,89387.75,89408.84,89387.75,89408.83,1.10821
2025-12-06 20:17:00,89408.83,89408.84,89404.0,89404.01,0.58162
2025-12-06 20:18:00,89404.0,89424.7,89404.0,89418.71,4.93001
2025-12-06 20:19:00,89418.72,89448.63,89418.71,89448.63,1.15518
2025-12-06 20:20:00,89448.63,89448.63,89414.64,89414.65,2.05806
2025-12-06 20:21:00,89414.65,89414.65,89404.0,89404.01,0.35139
2025-12-06 20:22:00,89404.01,89431.45,89404.01,89431.44,0.68671
2025-12-06 20:23:00,89431.45,89448.63,89431.44,89448.63,0.25195
2025-12-06 20:24:00,89448.63,89448.63,89412.6,89412.6,2.46573
2025-12-06 20:25:00,89412.61,89425.01,89412.61,89425.01,0.88332
2025-12-06 20:26:00,89425.0,89425.01,89425.0,89425.0,0.20986
2025-12-06 20:27:00,89425.01,89443.56,89425.0,89443.34,0.79487
2025-12-06 20:28:00,89443.34,89443.35,89443.34,89443.34,0.17425
2025-12-06 20:29:00,89443.35,89448.63,89443.34,89448.62,0.92379
2025-12-06 20:30:00,89448.63,89460.26,89430.62,89434.65,3.18315
2025-12-06 20:31:00,89434.65,89465.52,89434.65,89465.51,1.3502
2025-12-06 20:32:00,89465.52,89486.0,89446.24,89446.25,3.33891
2025-12-06 20:33:00,89446.24,89465.93,89446.24,89465.93,1.50788
2025-12-06 20:34:00,89465.92,89466.99,89465.92,89466.99,0.14324
2025-12-06 20:35:00,89466.98,89480.75,89466.98,89480.75,0.4565
2025-12-06 20:36:00,89480.76,89506.0,89480.76,89506.0,1.92538
2025-12-06 20:37:00,89506.0,89553.82,89505.99,89508.97,10.04589
2025-12-06 20:38:00,89508.97,89513.4,89484.21,89484.21,1.46892
2025-12-06 20:39:00,89484.22,89515.57,89484.21,89515.57,0.93587
2025-12-06 20:40:00,89515.57,89515.57,89515.56,89515.57,2.11161
2025-12-06 20:41:00,89515.57,89548.14,89490.55,89500.9,7.54981
2025-12-06 20:42:00,89500.9,89532.32,89500.9,89532.31,0.85171
2025-12-06 20:43:00,89532.31,89539.1,89519.16,89539.09,1.09646
2025-12-06 20:44:00,89539.1,89539.1,89539.09,89539.09,0.86136
2025-12-06 20:45:00,89539.1,89549.08,89539.09,89549.07,0.98158
2025-12-06 20:46:00,89549.08,89549.08,89521.26,89528.57,1.72599
2025-12-06 20:47:00,89528.57,89545.91,89517.36,89517.36,1.77205
2025-12-06 20:48:00,89517.36,89520.06,89504.93,89520.06,3.13279
2025-12-06 20:49:00,89520.06,89543.64,89520.05,89535.05,2.89981
2025-12-06 20:50:00,89535.05,89547.97,89535.05,89547.96,0.92717
2025-12-06 20:51:00,89547.97,89549.76,89533.39,89549.76,4.02359
2025-12-06 20:52:00,89549.75,89549.76,89529.2,89529.22,2.64991
2025-12-06 20:53:00,89529.21,89529.21,89518.84,89518.84,4.01448
2025-12-06 20:54:00,89518.85,89539.96,89518.85,89539.96,1.49364
2025-12-06 20:55:00,89539.96,89539.96,89539.95,89539.95,0.24811
2025-12-06 20:56:00,89539.96,89548.88,89539.95,89548.87,1.07205
2025-12-06 20:57:00,89548.87,89548.88,89548.87,89548.87,0.65125
2025-12-06 20:58:00,89548.88,89548.88,89548.87,89548.87,0.56644
2025-12-06 20:59:00,89548.87,89548.89,89548.87,89548.88,8.99294
2025-12-06 21:00:00,89548.88,89548.88,89506.0,89506.01,3.49902
2025-12-06 21:01:00,89506.01,89547.32,89506.01,89547.32,9.31117
2025-12-06 21:02:00,89547.32,89553.82,89547.31,89553.82,12.28968
2025-12-06 21:03:00,89553.82,89569.97,89553.81,89560.62,9.76362
2025-12-06 21:04:00,89560.62,89572.0,89536.66,89572.0,5.5968
2025-12-06 21:05:00,89571.99,89615.34,89571.99,89583.29,13.98315
2025-12-06 21:06:00,89583.3,89583.3,89507.93,89507.93,6.9823
2025-12-06 21:07:00,89507.93,89528.21,89475.58,89484.44,5.43228
2025-12-06 21:08:00,89484.44,89525.16,89476.65,89484.75,9.53544
2025-12-06 21:09:00,89484.76,89516.2,89480.45,89483.91,4.68368
2025-12-06 21:10:00,89483.91,89503.96,89475.54,89475.55,7.77513
2025-12-06 21:11:00,89475.55,89499.52,89475.52,89499.51,2.00686
2025-12-06 21:12:00,89499.52,89499.52,89478.15,89478.16,0.70249
2025-12-06 21:13:00,89478.16,89512.25,89478.15,89508.47,2.51057
2025-12-06 21:14:00,89508.46,89508.47,89488.23,89488.24,1.85415
2025-12-06 21:15:00,89488.24,89488.24,89426.26,89439.4,17.63804
2025-12-06 21:16:00,89439.41,89486.95,89439.4,89475.36,1.98843
2025-12-06 21:17:00,89475.37,89511.75,89475.36,89486.93,2.86347
2025-12-06 21:18:00,89486.94,89486.94,89448.62,89448.62,1.16796
2025-12-06 21:19:00,89448.63,89466.97,89448.62,89459.1,0.83491
2025-12-06 21:20:00,89459.11,89459.11,89437.39,89437.39,1.14999
2025-12-06 21:21:00,89437.4,89468.68,89437.4,89468.68,1.8662
2025-12-06 21:22:00,89468.68,89477.07,89423.91,89423.98,10.02819
2025-12-06 21:23:00,89423.98,89426.87,89404.0,89426.86,1.84357
2025-12-06 21:24:00,89426.87,89448.6,89426.86,89448.6,1.58785
2025-12-06 21:25:00,89448.6,89448.6,89390.01,89403.47,2.76379
2025-12-06 21:26:00,89403.47,89455.97,89403.47,89455.97,1.76109
2025-12-06 21:27:00,89455.97,89455.97,89446.32,89446.33,1.05495
2025-12-06 21:28:00,89446.32,89446.66,89421.8,89421.8,3.98412
2025-12-06 21:29:00,89421.8,89432.0,89421.8,89432.0,0.4481
2025-12-06 21:30:00,89432.0,89437.44,89411.99,89437.44,8.00661
2025-12-06 21:31:00,89437.44,89449.06,89429.37,89436.22,9.25858
2025-12-06 21:32:00,89436.23,89436.23,89405.16,89405.16,1.75528
2025-12-06 21:33:00,89405.16,89417.46,89403.76,89417.46,1.32756
2025-12-06 21:34:00,89417.45,89435.83,89416.85,89416.86,2.09003
2025-12-06 21:35:00,89416.86,89444.86,89416.85,89444.86,2.5851
2025-12-06 21:36:00,89444.86,89455.97,89426.78,89426.78,3.52847
2025-12-06 21:37:00,89426.79,89459.98,89426.78,89459.97,1.79081
2025-12-06 21:38:00,89459.98,89500.0,89459.97,89500.0,1.20492
2025-12-06 21:39:00,89500.0,89500.0,89478.81,89489.39,1.45412
2025-12-06 21:40:00,89489.4,89533.98,89489.39,89533.97,2.35589
2025-12-06 21:41:00,89533.97,89569.07,89506.94,89506.95,6.39566
2025-12-06 21:42:00,89506.94,89511.93,89489.36,89511.92,2.56427
2025-12-06 21:43:00,89511.93,89511.93,89489.17,89489.18,1.76352
2025-12-06 21:44:00,89489.17,89489.18,89466.75,89466.75,0.9492
2025-12-06 21:45:00,89466.76,89496.41,89466.75,89475.42,2.45772
2025-12-06 21:46:00,89475.43,89482.09,89475.42,89478.11,0.68289
2025-12-06 21:47:00,89478.12,89478.12,89472.58,89476.5,0.4019
2025-12-06 21:48:00,89476.49,89482.09,89476.49,89482.09,0.58673
2025-12-06 21:49:00,89482.08,89482.09,89465.95,89465.96,0.48668
2025-12-06 21:50:00,89465.96,89465.96,89460.0,89460.0,0.6542
2025-12-06 21:51:00,89460.0,89470.6,89455.09,89470.6,0.6977
2025-12-06 21:52:00,89470.6,89477.94,89461.64,89477.94,0.94449
2025-12-06 21:53:00,89477.93,89477.94,89453.26,89453.26,2.11339
2025-12-06 21:54:00,89453.26,89453.26,89422.0,89422.0,1.8344
2025-12-06 21:55:00,89422.0,89439.42,89415.25,89415.26,4.01614
2025-12-06 21:56:00,89415.25,89446.34,89415.24,89446.34,7.03246
2025-12-06 21:57:00,89446.34,89446.34,89446.33,89446.33,0.29226
2025-12-06 21:58:00,89446.34,89446.34,89433.8,89433.8,0.51076
2025-12-06 21:59:00,89433.8,89433.81,89420.28,89420.28,1.18152
2025-12-06 22:00:00,89420.29,89420.29,89420.28,89420.29,0.45914
2025-12-06 22:01:00,89420.29,89420.29,89404.0,89404.01,0.81576
2025-12-06 22:02:00,89404.01,89404.01,89393.87,89402.82,1.94527
2025-12-06 22:03:00,89402.81,89402.82,89391.81,89391.81,1.03496
2025-12-06 22:04:00,89391.81,89391.82,89391.81,89391.82,0.40192
2025-12-06 22:05:00,89391.81,89397.42,89384.25,89397.41,1.17062
2025-12-06 22:06:00,89397.42,89397.42,89384.69,89384.7,1.02785
2025-12-06 22:07:00,89384.69,89384.7,89384.69,89384.7,0.71689
2025-12-06 22:08:00,89384.7,89384.7,89375.3,89375.31,0.95602
2025-12-06 22:09:00,89375.31,89375.31,89348.08,89348.08,2.19835
2025-12-06 22:10:00,89348.09,89348.09,89348.08,89348.09,1.8559
2025-12-06 22:11:00,89348.08,89348.09,89348.08,89348.09,1.15819
2025-12-06 22:12:00,89348.09,89348.09,89295.66,89295.67,6.6824
2025-12-06 22:13:00,89295.66,89480.0,89295.66,89478.17,14.68367
2025-12-06 22:14:00,89478.18,89500.0,89478.18,89500.0,0.85188
2025-12-06 22:15:00,89500.0,89506.0,89417.46,89417.47,4.66748
2025-12-06 22:16:00,89417.46,89454.0,89417.46,89434.41,2.2386
2025-12-06 22:17:00,89434.41,89488.95,89434.41,89488.41,3.16493
2025-12-06 22:18:00,89488.42,89523.37,89488.41,89523.36,1.98831
2025-12-06 22:19:00,89523.37,89523.37,89493.14,89493.14,2.63171
2025-12-06 22:20:00,89493.14,89493.15,89493.14,89493.14,1.05654
2025-12-06 22:21:00,89493.14,89493.14,89480.0,89480.01,1.2238
2025-12-06 22:22:00,89480.01,89495.81,89480.0,89495.8,1.84884
2025-12-06 22:23:00,89495.81,89495.81,89477.21,89488.18,1.52378
2025-12-06 22:24:00,89488.18,89488.53,89437.0,89437.01,2.24098
2025-12-06 22:25:00,89437.0,89448.62,89399.97,89438.46,14.49301
2025-12-06 22:26:00,89438.46,89438.46,89408.94,89408.95,1.36698
2025-12-06 22:27:00,89408.95,89421.47,89408.94,89416.93,2.93531
2025-12-06 22:28:00,89416.93,89416.93,89408.09,89408.09,1.08454
2025-12-06 22:29:00,89408.08,89408.08,89350.0,89350.01,2.2551
2025-12-06 22:30:00,89350.0,89400.04,89350.0,89387.15,6.86289
2025-12-06 22:31:00,89387.15,89416.93,89387.15,89396.88,6.63074
2025-12-06 22:32:00,89396.87,89426.52,89396.87,89426.52,0.66925
2025-12-06 22:33:00,89426.51,89426.52,89414.88,89416.59,5.29787
2025-12-06 22:34:00,89416.58,89416.59,89416.58,89416.58,0.5609
2025-12-06 22:35:00,89416.59,89416.59,89384.53,89384.54,0.83769
2025-12-06 22:36:00,89384.53,89384.54,89378.52,89378.52,0.42285
2025-12-06 22:37:00,89378.52,89398.08,89378.52,89398.08,3.59647
2025-12-06 22:38:00,89398.08,89431.88,89398.08,89431.87,1.25744
2025-12-06 22:39:00,89431.88,89431.88,89431.87,89431.87,0.31826
2025-12-06 22:40:00,89431.87,89431.88,89419.1,89419.1,5.25054
2025-12-06 22:41:00,89419.11,89419.11,89419.1,89419.1,0.18018
2025-12-06 22:42:00,89419.11,89419.11,89389.08,89389.08,1.56936
2025-12-06 22:43:00,89389.09,89389.09,89351.0,89351.0,1.61423
2025-12-06 22:44:00,89351.01,89351.01,89342.96,89342.97,2.40144
2025-12-06 22:45:00,89342.96,89344.02,89300.94,89344.01,6.16889
2025-12-06 22:46:00,89344.02,89355.94,89304.31,89335.69,7.45754
2025-12-06 22:47:00,89335.7,89335.7,89330.81,89330.82,0.47211
2025-12-06 22:48:00,89330.81,89356.34,89330.81,89356.34,1.34382
2025-12-06 22:49:00,89356.33,89358.6,89354.71,89354.72,2.38235
2025-12-06 22:50:00,89354.71,89354.72,89354.71,89354.71,0.16221
2025-12-06 22:51:00,89354.72,89354.72,89321.15,89321.15,1.02237
2025-12-06 22:52:00,89321.16,89321.16,89274.42,89294.56,5.97946
2025-12-06 22:53:00,89294.55,89294.61,89257.48,89257.48,2.73356
2025-12-06 22:54:00,89257.49,89279.07,89257.48,89279.06,1.57511
2025-12-06 22:55:00,89279.06,89316.11,89276.78,89316.11,4.46797
2025-12-06 22:56:00,89316.1,89324.95,89287.69,89287.69,3.33199
2025-12-06 22:57:00,89287.7,89287.7,89259.51,89260.91,4.1237
2025-12-06 22:58:00,89260.91,89315.67,89260.91,89266.88,4.15873
2025-12-06 22:59:00,89266.88,89299.18,89266.87,89285.94,1.83669
2025-12-06 23:00:00,89285.93,89325.04,89285.93,89311.62,3.1257
2025-12-06 23:01:00,89311.61,89329.38,89302.0,89329.38,1.63131
2025-12-06 23:02:00,89329.37,89329.38,89283.76,89283.76,4.09131
2025-12-06 23:03:00,89283.76,89283.77,89001.0,89133.36,140.36546
2025-12-06 23:04:00,89133.36,89187.78,89100.43,89100.43,7.85613
2025-12-06 23:05:00,89100.44,89130.78,89098.0,89130.78,8.37786
2025-12-06 23:06:00,89130.78,89196.29,89130.77,89167.9,5.27896
2025-12-06 23:07:00,89167.91,89219.27,89167.9,89183.48,3.51999
2025-12-06 23:08:00,89183.49,89196.0,89183.48,89183.49,2.16805
2025-12-06 23:09:00,89183.48,89183.48,89110.0,89110.11,7.49237
2025-12-06 23:10:00,89110.1,89140.0,89082.53,89140.0,4.38486
2025-12-06 23:11:00,89140.0,89184.1,89140.0,89184.09,2.6371
2025-12-06 23:12:00,89184.1,89184.1,89174.01,89174.01,2.23984
2025-12-06 23:13:00,89174.01,89180.03,89147.9,89161.87,61.48793
2025-12-06 23:14:00,89161.86,89171.92,89133.06,89171.92,15.87552
2025-12-06 23:15:00,89171.92,89213.38,89171.92,89172.01,9.86498
2025-12-06 23:16:00,89172.01,89182.0,89110.48,89181.99,20.96746
2025-12-06 23:17:00,89182.0,89182.0,89149.74,89149.75,2.97196
2025-12-06 23:18:00,89149.75,89149.75,89122.24,89122.25,0.8591
2025-12-06 23:19:00,89122.25,89148.23,89122.25,89148.23,2.18814
2025-12-06 23:20:00,89148.23,89158.61,89077.3,89094.25,6.44248
2025-12-06 23:21:00,89094.25,89094.25,88940.0,89008.92,39.6165
2025-12-06 23:22:00,89008.93,89062.0,88976.83,88988.16,35.57918
2025-12-06 23:23:00,88988.87,88988.9,88950.0,88971.28,9.63039
2025-12-06 23:24:00,88971.28,88996.26,88950.0,88950.01,4.0601
2025-12-06 23:25:00,88950.01,88969.21,88921.2,88969.21,13.25621
2025-12-06 23:26:00,88969.21,88969.21,88908.01,88925.73,5.77163
2025-12-06 23:27:00,88925.74,89014.56,88925.74,89008.32,7.98077
2025-12-06 23:28:00,89008.31,89008.32,88972.85,89000.16,2.95225
2025-12-06 23:29:00,89000.17,89014.0,88976.77,89013.99,5.49787
2025-12-06 23:30:00,89013.99,89043.05,89013.99,89027.88,7.09836
2025-12-06 23:31:00,89027.87,89049.16,89001.43,89012.97,4.33352
2025-12-06 23:32:00,89012.97,89068.0,89001.76,89068.0,4.13086
2025-12-06 23:33:00,89067.99,89068.0,89048.91,89052.03,2.32397
2025-12-06 23:34:00,89052.04,89073.99,89048.9,89048.91,1.57598
2025-12-06 23:35:00,89048.91,89132.38,89041.93,89132.38,4.57629
2025-12-06 23:36:00,89132.39,89145.68,89098.0,89124.05,3.93756
2025-12-06 23:37:00,89124.05,89152.83,89124.05,89133.17,2.799
2025-12-06 23:38:00,89133.16,89164.87,89133.16,89164.87,2.58249
2025-12-06 23:39:00,89164.87,89180.0,89149.15,89149.17,2.2823
2025-12-06 23:40:00,89149.17,89149.17,89108.74,89119.43,2.22102
2025-12-06 23:41:00,89119.43,89142.67,89064.62,89064.62,3.40412
2025-12-06 23:42:00,89064.63,89085.17,89046.01,89046.02,2.94231
2025-12-06 23:43:00,89046.02,89089.54,89046.01,89089.54,2.02416
2025-12-06 23:44:00,89089.54,89097.99,89089.53,89097.99,1.03104
2025-12-06 23:45:00,89097.99,89149.99,89089.53,89149.99,8.36837
2025-12-06 23:46:00,89149.99,89241.48,89149.99,89234.39,15.58264
2025-12-06 23:47:00,89234.42,89245.01,89221.08,89233.36,10.8595
2025-12-06 23:48:00,89233.35,89233.36,89175.03,89206.15,1.98114
2025-12-06 23:49:00,89206.15,89222.57,89182.18,89193.09,1.97277
2025-12-06 23:50:00,89193.1,89231.93,89193.1,89228.8,1.87305
2025-12-06 23:51:00,89228.79,89238.45,89215.62,89223.0,2.52937
2025-12-06 23:52:00,89223.0,89245.01,89223.0,89238.26,1.99005
2025-12-06 23:53:00,89238.26,89238.26,89224.42,89224.43,2.01589
2025-12-06 23:54:00,89224.42,89232.74,89216.83,89220.36,3.80696
2025-12-06 23:55:00,89220.36,89231.22,89220.36,89231.21,0.6296
2025-12-06 23:56:00,89231.22,89261.77,89231.21,89261.76,3.39899
2025-12-06 23:57:00,89261.77,89264.36,89255.76,89255.79,1.80066
2025-12-06 23:58:00,89255.78,89255.79,89254.76,89254.77,1.75553
2025-12-06 23:59:00,89254.77,89254.77,89200.0,89236.79,5.77573
2025-12-07 00:00:00,89236.8,89246.69,89206.87,89206.88,15.36722
2025-12-07 00:01:00,89206.88,89211.61,89185.21,89211.6,2.45035
2025-12-07 00:02:00,89211.61,89211.61,89176.52,89205.38,3.7642
2025-12-07 00:03:00,89205.38,89269.5,89205.38,89269.5,4.08016
2025-12-07 00:04:00,89269.49,89312.32,89269.02,89312.32,5.37695
2025-12-07 00:05:00,89312.32,89356.05,89312.32,89319.23,10.53609
2025-12-07 00:06:00,89319.24,89342.95,89302.0,89323.86,3.80514
2025-12-07 00:07:00,89323.86,89323.86,89300.0,89317.55,1.37157
2025-12-07 00:08:00,89317.54,89331.23,89317.54,89331.23,0.64716
2025-12-07 00:09:00,89331.23,89335.7,89317.54,89332.32,5.05135
2025-12-07 00:10:00,89332.33,89383.46,89332.33,89357.34,6.63039
2025-12-07 00:11:00,89357.34,89357.34,89317.91,89317.91,1.83417
2025-12-07 00:12:00,89317.92,89317.92,89285.4,89285.4,1.25183
2025-12-07 00:13:00,89285.41,89285.41,89200.0,89200.01,5.41005
2025-12-07 00:14:00,89200.01,89224.12,89184.0,89184.0,1.76436
2025-12-07 00:15:00,89184.0,89201.39,89184.0,89188.02,2.5013
2025-12-07 00:16:00,89188.02,89219.46,89181.29,89219.46,2.15038
2025-12-07 00:17:00,89219.46,89247.06,89219.45,89238.25,1.15257
2025-12-07 00:18:00,89238.25,89238.25,89208.39,89234.72,1.38703
2025-12-07 00:19:00,89234.71,89256.23,89216.82,89216.82,2.46036
2025-12-07 00:20:00,89216.62,89234.71,89200.0,89234.71,2.76195
2025-12-07 00:21:00,89234.71,89287.55,89234.7,89273.36,2.02796
2025-12-07 00:22:00,89273.36,89281.88,89250.44,89281.87,1.60705
2025-12-07 00:23:00,89281.88,89313.14,89261.66,89261.66,3.94654
2025-12-07 00:24:00,89261.66,89335.2,89261.66,89303.42,6.49119
2025-12-07 00:25:00,89303.42,89343.34,89302.0,89317.65,3.18896
2025-12-07 00:26:00,89317.66,89319.06,89302.0,89302.0,0.82398
2025-12-07 00:27:00,89302.0,89322.56,89300.0,89316.44,1.43106
2025-12-07 00:28:00,89316.45,89343.44,89316.44,89343.44,0.57299
2025-12-07 00:29:00,89343.44,89367.18,89343.43,89351.65,5.87266
2025-12-07 00:30:00,89351.65,89378.0,89346.49,89354.45,1.41677
2025-12-07 00:31:00,89354.44,89403.72,89351.78,89403.72,3.57029
2025-12-07 00:32:00,89403.71,89427.68,89403.71,89404.0,4.46426
2025-12-07 00:33:00,89404.0,89447.97,89388.01,89447.97,3.52624
2025-12-07 00:34:00,89447.97,89447.97,89414.05,89430.09,4.20332
2025-12-07 00:35:00,89430.08,89448.63,89430.08,89430.09,2.22695
2025-12-07 00:36:00,89430.09,89438.44,89408.66,89438.43,2.30838
2025-12-07 00:37:00,89438.44,89486.0,89438.43,89486.0,5.23779
2025-12-07 00:38:00,89486.0,89517.98,89484.9,89484.91,9.47159
2025-12-07 00:39:00,89484.91,89530.0,89484.91,89529.99,2.74068
2025-12-07 00:40:00,89529.99,89553.46,89510.09,89510.1,7.03321
2025-12-07 00:41:00,89510.1,89533.66,89465.5,89533.65,5.28313
2025-12-07 00:42:00,89533.66,89553.82,89514.63,89514.64,4.11252
2025-12-07 00:43:00,89514.64,89549.45,89507.33,89507.34,1.61751
2025-12-07 00:44:00,89507.33,89507.33,89506.0,89506.0,0.84242
2025-12-07 00:45:00,89506.01,89525.24,89487.53,89506.0,7.24928
2025-12-07 00:46:00,89506.01,89506.01,89465.49,89465.49,2.26669
2025-12-07 00:47:00,89465.49,89505.96,89465.49,89487.12,2.25686
2025-12-07 00:48:00,89487.13,89487.13,89450.0,89450.01,4.78815
2025-12-07 00:49:00,89450.01,89470.48,89448.62,89453.42,2.80385
2025-12-07 00:50:00,89453.43,89494.29,89453.42,89494.29,8.52826
2025-12-07 00:51:00,89494.3,89532.82,89494.3,89495.93,23.89255
2025-12-07 00:52:00,89495.92,89506.7,89466.0,89475.04,3.62637
2025-12-07 00:53:00,89475.04,89502.15,89448.62,89454.03,6.79993
2025-12-07 00:54:00,89454.03,89463.5,89454.02,89463.49,1.27477
2025-12-07 00:55:00,89463.5,89489.55,89463.49,89468.64,3.47811
2025-12-07 00:56:00,89468.64,89468.65,89467.79,89467.79,0.46814
2025-12-07 00:57:00,89467.79,89489.4,89467.78,89489.39,2.6371
2025-12-07 00:58:00,89489.4,89500.14,89458.86,89458.87,1.41748
2025-12-07 00:59:00,89458.87,89458.87,89392.39,89392.39,11.57991
2025-12-07 01:00:00,89392.39,89495.99,89392.39,89473.67,10.87657
2025-12-07 01:01:00,89473.67,89529.78,89473.66,89508.0,2.9217
2025-12-07 01:02:00,89508.0,89508.0,89461.73,89461.74,1.33937
2025-12-07 01:03:00,89461.73,89461.74,89455.0,89461.73,2.82267
2025-12-07 01:04:00,89461.73,89461.74,89461.73,89461.74,1.55283
2025-12-07 01:05:00,89461.73,89488.18,89461.73,89488.17,1.95014
2025-12-07 01:06:00,89488.17,89488.18,89448.62,89448.63,1.41236
2025-12-07 01:07:00,89448.62,89448.62,89426.0,89426.0,1.07034
2025-12-07 01:08:00,89426.0,89453.75,89425.94,89441.19,2.34465
2025-12-07 01:09:00,89441.2,89453.71,89441.19,89453.7,0.63874
2025-12-07 01:10:00,89453.71,89499.5,89453.71,89499.5,3.04909
2025-12-07 01:11:00,89499.5,89511.86,89480.01,89480.01,3.04796
2025-12-07 01:12:00,89480.0,89498.81,89480.0,89498.8,0.56264
2025-12-07 01:13:00,89498.81,89498.81,89496.1,89496.11,1.0869
2025-12-07 01:14:00,89496.11,89496.11,89494.1,89494.1,1.63901
2025-12-07 01:15:00,89494.11,89515.2,89479.88,89515.2,1.97473
2025-12-07 01:16:00,89515.2,89539.92,89515.2,89523.09,1.42486
2025-12-07 01:17:00,89523.09,89547.51,89523.09,89547.51,2.13144
2025-12-07 01:18:00,89547.51,89553.82,89523.09,89553.82,2.89597
2025-12-07 01:19:00,89553.82,89572.84,89553.81,89553.82,2.99655
2025-12-07 01:20:00,89553.82,89588.23,89553.82,89570.73,7.92495
2025-12-07 01:21:00,89570.74,89570.74,89559.09,89570.74,0.73354
2025-12-07 01:22:00,89570.73,89570.74,89523.09,89523.09,3.28619
2025-12-07 01:23:00,89523.09,89523.1,89500.0,89500.01,2.1702
2025-12-07 01:24:00,89500.01,89500.01,89495.11,89495.12,0.22862
2025-12-07 01:25:00,89495.12,89495.12,89422.19,89422.2,4.24998
2025-12-07 01:26:00,89422.19,89439.03,89407.36,89439.03,3.42416
2025-12-07 01:27:00,89439.02,89479.88,89439.02,89449.93,2.17947
2025-12-07 01:28:00,89449.92,89450.0,89448.62,89448.62,0.70817
2025-12-07 01:29:00,89448.63,89450.0,89448.62,89449.99,1.17055
2025-12-07 01:30:00,89450.0,89493.25,89449.99,89483.01,4.93839
2025-12-07 01:31:00,89483.0,89483.01,89454.45,89454.46,4.18525
2025-12-07 01:32:00,89454.46,89456.32,89444.46,89456.32,1.4398
2025-12-07 01:33:00,89456.31,89456.32,89407.8,89407.8,2.81016
2025-12-07 01:34:00,89407.8,89427.04,89407.8,89427.04,2.73373
2025-12-07 01:35:00,89427.04,89428.56,89418.0,89428.55,3.01534
2025-12-07 01:36:00,89428.56,89428.56,89408.64,89419.08,2.25768
2025-12-07 01:37:00,89419.08,89438.22,89419.07,89438.21,0.65102
2025-12-07 01:38:00,89438.21,89438.21,89404.0,89404.0,2.05911
2025-12-07 01:39:00,89404.0,89404.0,89391.05,89402.6,1.9967
2025-12-07 01:40:00,89402.59,89402.6,89393.06,89402.59,1.51633
2025-12-07 01:41:00,89402.6,89412.02,89402.59,89406.42,1.42319
2025-12-07 01:42:00,89406.41,89406.41,89391.01,89391.01,1.06569
2025-12-07 01:43:00,89391.02,89391.02,89386.01,89390.03,0.7146
2025-12-07 01:44:00,89390.04,89409.38,89390.03,89404.01,1.59272
2025-12-07 01:45:00,89404.01,89404.01,89358.91,89358.91,3.36448
2025-12-07 01:46:00,89358.92,89388.18,89358.91,89388.18,1.36919
2025-12-07 01:47:00,89388.17,89397.0,89379.82,89379.82,1.69253
2025-12-07 01:48:00,89379.83,89400.0,89379.82,89398.77,1.99946
2025-12-07 01:49:00,89398.76,89413.02,89398.76,89413.01,0.62366
2025-12-07 01:50:00,89413.01,89431.3,89413.01,89431.29,1.14509
2025-12-07 01:51:00,89431.3,89449.14,89431.29,89449.12,1.52213
2025-12-07 01:52:00,89449.13,89449.13,89382.49,89382.49,1.77275
2025-12-07 01:53:00,89382.49,89382.49,89363.02,89364.56,3.27674
2025-12-07 01:54:00,89364.57,89364.57,89363.02,89363.03,0.35138
2025-12-07 01:55:00,89363.02,89363.03,89363.02,89363.02,0.38351
2025-12-07 01:56:00,89363.02,89363.03,89343.42,89343.42,2.18288
2025-12-07 01:57:00,89343.42,89343.43,89343.42,89343.43,0.32907
2025-12-07 01:58:00,89343.42,89343.43,89343.42,89343.42,0.59576
2025-12-07 01:59:00,89343.42,89343.42,89300.0,89300.0,5.38301
2025-12-07 02:00:00,89300.0,89324.47,89300.0,89324.47,3.35727
2025-12-07 02:01:00,89324.47,89349.0,89324.46,89348.99,1.16831
2025-12-07 02:02:00,89349.0,89351.33,89332.32,89351.32,1.24227
2025-12-07 02:03:00,89351.33,89380.0,89351.32,89379.99,1.33125
2025-12-07 02:04:00,89379.99,89386.63,89343.43,89368.68,1.33832
2025-12-07 02:05:00,89368.68,89377.19,89368.67,89377.19,0.90881
2025-12-07 02:06:00,89377.2,89387.18,89377.2,89387.18,0.89111
2025-12-07 02:07:00,89387.18,89404.0,89387.17,89387.18,2.37872
2025-12-07 02:08:00,89387.18,89387.18,89387.17,89387.17,0.86259
2025-12-07 02:09:00,89387.18,89396.45,89387.17,89396.45,0.83328
2025-12-07 02:10:00,89396.44,89396.45,89387.17,89387.18,0.30876
2025-12-07 02:11:00,89387.18,89387.18,89387.17,89387.18,1.21466
2025-12-07 02:12:00,89387.18,89422.63,89387.17,89422.63,0.84267
2025-12-07 02:13:00,89422.63,89422.64,89387.18,89387.19,0.72328
2025-12-07 02:14:00,89387.19,89387.19,89370.0,89370.01,2.96943
2025-12-07 02:15:00,89370.01,89396.61,89370.0,89396.61,0.85676
2025-12-07 02:16:00,89396.61,89412.81,89390.04,89412.81,0.9534
2025-12-07 02:17:00,89412.81,89434.31,89412.8,89434.31,0.58094
2025-12-07 02:18:00,89434.32,89460.79,89434.32,89460.79,1.79313
2025-12-07 02:19:00,89460.78,89503.99,89460.78,89484.8,3.75557
2025-12-07 02:20:00,89484.8,89506.0,89468.17,89500.45,4.2954
2025-12-07 02:21:00,89500.45,89505.98,89471.53,89471.53,3.67008
2025-12-07 02:22:00,89471.54,89494.71,89462.58,89493.08,3.80366
2025-12-07 02:23:00,89493.09,89493.09,89463.11,89463.11,2.17921
2025-12-07 02:24:00,89463.12,89463.12,89463.11,89463.11,0.9201
2025-12-07 02:25:00,89463.11,89463.12,89443.55,89443.55,1.35158
2025-12-07 02:26:00,89443.56,89449.27,89443.55,89448.63,0.73525
2025-12-07 02:27:00,89448.62,89469.55,89448.62,89452.07,1.35394
2025-12-07 02:28:00,89452.08,89462.95,89452.07,89452.07,3.05681
2025-12-07 02:29:00,89452.07,89452.08,89441.25,89441.26,0.821
2025-12-07 02:30:00,89441.26,89441.26,89416.21,89434.85,3.9622
2025-12-07 02:31:00,89434.84,89441.26,89434.84,89441.25,0.73859
2025-12-07 02:32:00,89441.26,89455.93,89441.25,89450.21,10.85973
2025-12-07 02:33:00,89450.2,89450.21,89439.82,89439.82,3.78143
2025-12-07 02:34:00,89439.82,89439.83,89430.02,89430.02,0.62626
2025-12-07 02:35:00,89430.02,89450.2,89430.02,89450.2,1.21987
2025-12-07 02:36:00,89450.19,89450.2,89440.35,89440.35,2.19762
2025-12-07 02:37:00,89440.35,89440.36,89414.25,89414.25,1.25339
2025-12-07 02:38:00,89414.25,89414.26,89381.68,89381.69,1.74281
2025-12-07 02:39:00,89381.68,89410.1,89381.68,89410.09,1.31811
2025-12-07 02:40:00,89410.1,89441.28,89392.38,89437.77,6.11421
2025-12-07 02:41:00,89437.76,89437.77,89421.05,89421.06,1.18816
2025-12-07 02:42:00,89421.06,89421.06,89407.07,89407.07,0.98778
2025-12-07 02:43:00,89407.07,89418.17,89407.07,89418.17,1.3377
2025-12-07 02:44:00,89418.17,89450.17,89418.17,89450.17,0.91941
2025-12-07 02:45:00,89450.17,89450.17,89450.16,89450.17,1.05528
2025-12-07 02:46:00,89450.16,89450.2,89450.16,89450.19,0.57949
2025-12-07 02:47:00,89450.19,89476.28,89450.19,89476.27,8.52453
2025-12-07 02:48:00,89476.27,89476.28,89474.55,89474.56,5.32313
2025-12-07 02:49:00,89474.56,89498.67,89474.55,89498.67,0.62167
2025-12-07 02:50:00,89498.66,89519.89,89498.66,89519.88,2.42178
2025-12-07 02:51:00,89519.89,89550.0,89519.88,89549.99,1.87284
2025-12-07 02:52:00,89549.99,89549.99,89520.5,89534.33,4.1522
2025-12-07 02:53:00,89534.33,89542.71,89525.75,89525.75,1.4251
2025-12-07 02:54:00,89525.76,89576.0,89525.75,89576.0,11.21501
2025-12-07 02:55:00,89576.0,89589.73,89560.88,89589.72,8.48618
2025-12-07 02:56:00,89589.72,89608.0,89589.72,89600.31,2.69687
2025-12-07 02:57:00,89600.31,89608.0,89600.31,89608.0,5.28948
2025-12-07 02:58:00,89607.99,89695.65,89607.99,89667.83,29.05486
2025-12-07 02:59:00,89667.82,89667.82,89621.92,89621.96,4.34372
2025-12-07 03:00:00,89621.95,89621.96,89603.0,89603.81,9.50521
2025-12-07 03:01:00,89603.81,89604.19,89595.15,89595.16,1.3969
2025-12-07 03:02:00,89595.15,89595.16,89567.84,89576.66,1.33122
2025-12-07 03:03:00,89576.65,89606.96,89576.65,89582.15,2.42865
2025-12-07 03:04:00,89582.16,89582.16,89553.81,89553.82,1.21989
2025-12-07 03:05:00,89553.81,89570.95,89553.81,89570.94,1.52587
2025-12-07 03:06:00,89570.94,89570.95,89570.94,89570.94,1.36351
2025-12-07 03:07:00,89570.94,89571.75,89553.81,89561.96,2.35681
2025-12-07 03:08:00,89561.96,89600.51,89561.95,89600.5,1.55782
2025-12-07 03:09:00,89600.51,89600.51,89584.94,89584.95,0.74159
2025-12-07 03:10:00,89584.95,89613.49,89580.81,89580.82,1.56449
2025-12-07 03:11:00,89580.82,89613.19,89564.68,89608.0,1.89525
2025-12-07 03:12:00,89608.0,89640.0,89608.0,89631.28,8.12
2025-12-07 03:13:00,89631.29,89631.29,89608.0,89608.0,0.58485
2025-12-07 03:14:00,89608.0,89608.01,89592.32,89592.32,3.24531
2025-12-07 03:15:00,89592.33,89592.33,89565.68,89583.49,5.73849
2025-12-07 03:16:00,89583.49,89583.5,89583.49,89583.49,0.18705
2025-12-07 03:17:00,89583.5,89583.5,89560.55,89560.55,1.11961
2025-12-07 03:18:00,89560.55,89585.91,89553.81,89585.91,3.34676
2025-12-07 03:19:00,89585.91,89607.77,89583.38,89607.77,1.33317
2025-12-07 03:20:00,89607.77,89607.77,89589.82,89600.2,1.43891
2025-12-07 03:21:00,89600.2,89600.2,89594.17,89594.17,1.10218
2025-12-07 03:22:00,89594.18,89594.18,89557.17,89557.17,3.65809
2025-12-07 03:23:00,89557.18,89584.81,89557.17,89583.22,1.3857
2025-12-07 03:24:00,89583.22,89583.22,89567.21,89579.2,1.73475
2025-12-07 03:25:00,89579.21,89579.21,89569.06,89569.06,1.95724
2025-12-07 03:26:00,89569.06,89576.7,89553.81,89553.82,1.44478
2025-12-07 03:27:00,89553.82,89576.56,89553.81,89576.56,1.34998
2025-12-07 03:28:00,89576.56,89576.56,89576.55,89576.56,0.19861
2025-12-07 03:29:00,89576.55,89576.56,89576.55,89576.55,0.24534
2025-12-07 03:30:00,89576.55,89579.52,89576.55,89579.52,0.41206
2025-12-07 03:31:00,89579.53,89613.45,89579.52,89613.45,0.71296
2025-12-07 03:32:00,89613.45,89613.45,89589.21,89589.22,4.63129
2025-12-07 03:33:00,89589.22,89589.22,89566.18,89566.19,1.31676
2025-12-07 03:34:00,89566.19,89600.0,89566.19,89599.99,1.65985
2025-12-07 03:35:00,89599.99,89599.99,89577.68,89599.99,2.81434
2025-12-07 03:36:00,89599.99,89599.99,89586.04,89586.05,0.41133
2025-12-07 03:37:00,89586.05,89654.0,89586.04,89654.0,4.04448
2025-12-07 03:38:00,89654.0,89692.65,89653.64,89690.64,7.5584
2025-12-07 03:39:00,89690.64,89708.0,89678.82,89678.83,1.64961
2025-12-07 03:40:00,89678.83,89696.86,89661.19,89696.85,5.07864
2025-12-07 03:41:00,89696.86,89696.86,89692.9,89692.9,0.33544
2025-12-07 03:42:00,89692.91,89734.01,89692.9,89727.0,7.83809
2025-12-07 03:43:00,89727.0,89727.01,89696.05,89705.94,3.65024
2025-12-07 03:44:00,89705.94,89711.95,89696.06,89697.89,8.64752
2025-12-07 03:45:00,89697.9,89716.81,89696.07,89716.81,2.95269
2025-12-07 03:46:00,89716.81,89716.81,89694.34,89710.01,3.49632
2025-12-07 03:47:00,89710.01,89728.49,89710.0,89728.48,1.61285
2025-12-07 03:48:00,89728.49,89728.49,89721.5,89721.51,2.62539
2025-12-07 03:49:00,89721.5,89721.51,89721.5,89721.5,0.13603
2025-12-07 03:50:00,89721.51,89749.59,89721.5,89739.77,2.80637
2025-12-07 03:51:00,89739.77,89739.78,89728.49,89728.49,2.13543
2025-12-07 03:52:00,89728.5,89728.5,89728.49,89728.49,0.86795
2025-12-07 03:53:00,89728.5,89728.5,89710.0,89710.01,3.98755
2025-12-07 03:54:00,89710.01,89710.01,89682.07,89682.88,6.73832
2025-12-07 03:55:00,89682.87,89706.02,89682.87,89706.0,2.72746
2025-12-07 03:56:00,89706.0,89706.01,89705.89,89705.89,2.26999
2025-12-07 03:57:00,89705.89,89705.9,89705.89,89705.89,0.75922
2025-12-07 03:58:00,89705.9,89705.9,89705.89,89705.89,0.20446
2025-12-07 03:59:00,89705.9,89722.37,89690.0,89722.37,6.47595
2025-12-07 04:00:00,89722.37,89733.3,89710.0,89710.0,4.68742
2025-12-07 04:01:00,89710.0,89726.74,89710.0,89726.74,3.66564
2025-12-07 04:02:00,89726.74,89733.66,89724.68,89724.68,2.18871
2025-12-07 04:03:00,89724.68,89724.69,89694.0,89694.0,2.19229
2025-12-07 04:04:00,89694.0,89749.57,89690.0,89749.57,7.30953
2025-12-07 04:05:00,89749.56,89750.0,89740.74,89750.0,1.18378
2025-12-07 04:06:00,89749.99,89762.27,89749.99,89762.27,1.34104
2025-12-07 04:07:00,89762.26,89789.33,89762.26,89781.27,13.86349
2025-12-07 04:08:00,89781.28,89799.96,89781.27,89790.03,29.38716
2025-12-07 04:09:00,89790.03,89790.03,89735.0,89735.01,27.2159
2025-12-07 04:10:00,89735.0,89742.87,89710.0,89710.0,16.09298
2025-12-07 04:11:00,89710.01,89710.01,89670.52,89679.99,10.42424
2025-12-07 04:12:00,89680.0,89715.54,89679.99,89715.54,3.35672
2025-12-07 04:13:00,89715.53,89715.54,89695.87,89695.88,3.38408
2025-12-07 04:14:00,89695.87,89695.88,89695.87,89695.87,0.58666
2025-12-07 04:15:00,89695.88,89695.88,89695.87,89695.88,2.62142
2025-12-07 04:16:00,89695.87,89700.59,89675.45,89700.59,3.25984
2025-12-07 04:17:00,89700.59,89700.59,89680.84,89682.12,2.1922
2025-12-07 04:18:00,89682.12,89701.34,89672.72,89695.26,1.88472
2025-12-07 04:19:00,89695.27,89695.27,89650.0,89650.01,4.09815
2025-12-07 04:20:00,89650.0,89650.01,89650.0,89650.01,0.30672
2025-12-07 04:21:00,89650.0,89687.1,89643.25,89687.1,8.2292
2025-12-07 04:22:00,89687.09,89687.09,89661.81,89661.81,2.21092
2025-12-07 04:23:00,89661.82,89674.47,89661.81,89674.47,0.95879
2025-12-07 04:24:00,89674.46,89674.47,89674.46,89674.47,1.29983
2025-12-07 04:25:00,89674.47,89674.47,89674.46,89674.46,1.42329
2025-12-07 04:26:00,89674.46,89674.47,89659.0,89659.01,2.37653
2025-12-07 04:27:00,89659.01,89659.01,89624.89,89626.86,5.53161
2025-12-07 04:28:00,89626.87,89646.4,89626.86,89646.39,3.68588
2025-12-07 04:29:00,89646.4,89646.4,89616.14,89626.51,4.02749
2025-12-07 04:30:00,89626.51,89634.86,89600.1,89600.11,4.71186
2025-12-07 04:31:00,89600.11,89600.11,89580.89,89580.9,1.19872
2025-12-07 04:32:00,89580.9,89600.04,89580.89,89600.03,2.53321
2025-12-07 04:33:00,89600.03,89609.21,89555.99,89556.0,11.61541
2025-12-07 04:34:00,89556.0,89556.0,89555.99,89555.99,0.65265
2025-12-07 04:35:00,89556.0,89574.77,89555.99,89574.76,3.02604
2025-12-07 04:36:00,89574.77,89574.77,89518.26,89519.09,7.42861
2025-12-07 04:37:00,89519.08,89519.09,89505.99,89506.0,1.94278
2025-12-07 04:38:00,89506.0,89524.16,89505.99,89524.15,7.98869
2025-12-07 04:39:00,89524.16,89524.16,89487.41,89510.44,5.24275
2025-12-07 04:40:00,89510.44,89510.45,89504.09,89504.09,2.09604
2025-12-07 04:41:00,89504.09,89525.68,89504.09,89525.67,1.406
2025-12-07 04:42:00,89525.68,89534.94,89525.67,89534.93,1.08399
2025-12-07 04:43:00,89534.94,89534.94,89534.93,89534.94,1.99124
2025-12-07 04:44:00,89534.93,89574.28,89534.93,89564.31,8.59248
2025-12-07 04:45:00,89564.32,89582.74,89564.31,89582.74,1.4032
2025-12-07 04:46:00,89582.75,89582.75,89582.74,89582.74,0.86376
2025-12-07 04:47:00,89582.74,89582.75,89569.1,89580.26,7.02675
2025-12-07 04:48:00,89580.26,89580.26,89569.32,89569.33,0.7555
2025-12-07 04:49:00,89569.33,89578.05,89569.32,89569.32,1.62012
2025-12-07 04:50:00,89569.32,89569.33,89553.81,89565.6,5.43686
2025-12-07 04:51:00,89565.59,89565.6,89524.68,89524.68,10.78785
2025-12-07 04:52:00,89524.68,89530.78,89520.02,89530.42,5.06926
2025-12-07 04:53:00,89530.43,89551.2,89530.42,89532.27,6.04409
2025-12-07 04:54:00,89532.27,89544.45,89532.26,89544.45,1.24676
2025-12-07 04:55:00,89544.45,89544.45,89520.15,89536.19,2.5251
2025-12-07 04:56:00,89536.19,89546.91,89536.19,89540.66,1.19333
2025-12-07 04:57:00,89540.66,89540.66,89529.01,89529.02,2.9251
2025-12-07 04:58:00,89529.01,89540.87,89529.01,89535.94,0.73782
2025-12-07 04:59:00,89535.94,89535.95,89535.94,89535.95,0.38729
2025-12-07 05:00:00,89535.94,89553.57,89535.94,89553.57,0.63881
2025-12-07 05:01:00,89553.57,89564.55,89539.15,89539.16,4.7116
2025-12-07 05:02:00,89539.16,89539.16,89521.74,89521.74,0.5551
2025-12-07 05:03:00,89521.74,89535.57,89521.74,89535.57,0.86813
2025-12-07 05:04:00,89535.57,89535.57,89500.01,89500.01,2.00361
2025-12-07 05:05:00,89500.02,89512.28,89500.01,89512.28,1.06451
2025-12-07 05:06:00,89512.27,89512.28,89512.27,89512.28,0.45633
2025-12-07 05:07:00,89512.27,89512.28,89500.0,89500.01,2.92157
2025-12-07 05:08:00,89500.0,89500.01,89456.29,89456.29,2.95401
2025-12-07 05:09:00,89456.3,89456.3,89448.62,89448.63,3.75131
2025-12-07 05:10:00,89448.62,89448.63,89427.01,89427.02,2.21419
2025-12-07 05:11:00,89427.01,89476.97,89427.0,89476.96,9.16985
2025-12-07 05:12:00,89476.96,89476.96,89460.92,89460.93,0.9542
2025-12-07 05:13:00,89460.92,89483.56,89460.02,89460.03,1.16429
2025-12-07 05:14:00,89460.02,89469.92,89448.62,89469.92,1.90497
2025-12-07 05:15:00,89469.92,89470.0,89453.55,89470.0,2.53653
2025-12-07 05:16:00,89469.99,89476.62,89469.99,89476.62,3.56127
2025-12-07 05:17:00,89476.62,89495.76,89476.62,89492.63,1.10329
2025-12-07 05:18:00,89492.63,89492.63,89427.0,89427.01,1.26563
2025-12-07 05:19:00,89427.01,89446.81,89427.0,89427.0,1.24532
2025-12-07 05:20:00,89427.0,89449.16,89427.0,89449.15,0.64688
2025-12-07 05:21:00,89449.16,89449.16,89444.11,89444.12,0.97299
2025-12-07 05:22:00,89444.11,89457.31,89444.11,89449.98,1.47535
2025-12-07 05:23:00,89449.99,89454.6,89448.62,89454.6,0.68743
2025-12-07 05:24:00,89454.6,89454.6,89454.59,89454.6,0.42278
2025-12-07 05:25:00,89454.59,89483.18,89454.59,89483.17,0.853
2025-12-07 05:26:00,89483.18,89488.02,89470.68,89470.69,0.74274
2025-12-07 05:27:00,89470.68,89488.02,89470.68,89488.02,1.30191
2025-12-07 05:28:00,89488.01,89488.02,89488.01,89488.02,1.15437
2025-12-07 05:29:00,89488.02,89488.02,89474.84,89474.85,0.81469
2025-12-07 05:30:00,89474.85,89486.12,89474.84,89476.85,2.8486
2025-12-07 05:31:00,89476.85,89476.85,89466.99,89476.85,1.28278
2025-12-07 05:32:00,89476.84,89485.68,89476.84,89485.68,1.67282
2025-12-07 05:33:00,89485.68,89485.68,89480.17,89480.18,0.57482
2025-12-07 05:34:00,89480.18,89498.43,89480.17,89498.43,1.3727
2025-12-07 05:35:00,89498.42,89506.73,89498.42,89506.72,1.61059
2025-12-07 05:36:00,89506.73,89512.48,89506.73,89507.89,4.08407
2025-12-07 05:37:00,89507.89,89507.89,89507.87,89507.87,1.31738
2025-12-07 05:38:00,89507.87,89519.53,89507.87,89519.52,4.46246
2025-12-07 05:39:00,89519.53,89519.53,89499.0,89503.18,1.13251
2025-12-07 05:40:00,89503.18,89503.18,89503.17,89503.18,0.59105
2025-12-07 05:41:00,89503.17,89531.47,89503.17,89531.46,1.26349
2025-12-07 05:42:00,89531.46,89531.46,89524.66,89525.13,3.20442
2025-12-07 05:43:00,89525.12,89525.13,89525.12,89525.12,1.02422
2025-12-07 05:44:00,89525.12,89530.78,89525.12,89530.78,0.84239
2025-12-07 05:45:00,89530.78,89530.78,89506.0,89506.0,3.97507
2025-12-07 05:46:00,89506.01,89506.01,89506.0,89506.0,0.12718
2025-12-07 05:47:00,89506.0,89506.01,89506.0,89506.01,0.18118
2025-12-07 05:48:00,89506.0,89506.01,89506.0,89506.0,0.78892
2025-12-07 05:49:00,89506.0,89506.01,89470.02,89470.03,9.20483
2025-12-07 05:50:00,89470.02,89470.03,89470.02,89470.02,2.10108
2025-12-07 05:51:00,89470.03,89500.53,89470.02,89500.53,14.29066
2025-12-07 05:52:00,89500.52,89506.01,89471.31,89471.31,1.4992
2025-12-07 05:53:00,89471.31,89487.03,89471.31,89473.68,0.68449
2025-12-07 05:54:00,89473.67,89479.99,89473.67,89479.99,0.2324
2025-12-07 05:55:00,89479.99,89535.98,89479.98,89534.33,10.3742
2025-12-07 05:56:00,89534.33,89534.33,89524.56,89524.56,0.49821
2025-12-07 05:57:00,89524.56,89539.43,89521.24,89521.28,3.34516
2025-12-07 05:58:00,89521.29,89531.49,89515.28,89515.28,1.25301
2025-12-07 05:59:00,89515.28,89515.29,89515.0,89515.01,0.17086
2025-12-07 06:00:00,89515.01,89515.01,89488.28,89488.28,1.3029
2025-12-07 06:01:00,89488.29,89515.01,89488.28,89515.01,3.09302
2025-12-07 06:02:00,89515.01,89534.87,89515.0,89534.87,1.46499
2025-12-07 06:03:00,89534.86,89539.96,89534.86,89539.96,0.61269
2025-12-07 06:04:00,89539.96,89549.99,89539.95,89549.99,0.99999
2025-12-07 06:05:00,89549.98,89570.0,89545.6,89545.6,3.83627
2025-12-07 06:06:00,89545.59,89548.54,89540.46,89540.47,0.63146
2025-12-07 06:07:00,89540.47,89571.66,89540.46,89569.11,2.07586
2025-12-07 06:08:00,89569.1,89593.93,89569.1,89593.93,0.57716
2025-12-07 06:09:00,89593.93,89599.98,89560.88,89560.89,3.09625
2025-12-07 06:10:00,89560.88,89608.0,89560.88,89608.0,4.69662
2025-12-07 06:11:00,89608.0,89629.12,89607.99,89608.0,3.69523
2025-12-07 06:12:00,89608.0,89608.01,89582.38,89582.39,0.89418
2025-12-07 06:13:00,89582.39,89582.39,89563.66,89563.67,0.92099
2025-12-07 06:14:00,89563.67,89573.15,89563.66,89573.15,1.24839
2025-12-07 06:15:00,89573.15,89580.87,89541.89,89571.9,2.14314
2025-12-07 06:16:00,89571.9,89580.7,89560.95,89560.95,2.21472
2025-12-07 06:17:00,89560.96,89611.63,89560.95,89610.0,3.46974
2025-12-07 06:18:00,89610.0,89610.0,89594.66,89605.92,0.88835
2025-12-07 06:19:00,89605.92,89605.93,89605.92,89605.93,0.19381
2025-12-07 06:20:00,89605.93,89659.0,89605.92,89659.0,7.28561
2025-12-07 06:21:00,89659.0,89659.0,89629.69,89629.69,1.34034
2025-12-07 06:22:00,89628.81,89656.78,89628.8,89655.32,3.59156
2025-12-07 06:23:00,89655.31,89671.65,89655.31,89671.65,2.43753
2025-12-07 06:24:00,89671.65,89671.65,89659.0,89659.0,1.57642
2025-12-07 06:25:00,89659.01,89689.84,89659.01,89689.84,1.06816
2025-12-07 06:26:00,89689.84,89689.84,89687.83,89687.84,2.46164
2025-12-07 06:27:00,89687.84,89687.84,89665.76,89665.76,1.35079
2025-12-07 06:28:00,89665.77,89665.77,89659.0,89659.01,0.88152
2025-12-07 06:29:00,89659.0,89659.01,89659.0,89659.01,0.31625
2025-12-07 06:30:00,89659.01,89680.89,89659.0,89659.0,4.28237
2025-12-07 06:31:00,89659.01,89660.79,89659.0,89660.78,0.35878
2025-12-07 06:32:00,89660.79,89676.94,89660.78,89676.93,0.9724
2025-12-07 06:33:00,89676.94,89691.56,89676.93,89691.56,2.89781
2025-12-07 06:34:00,89691.56,89691.56,89677.22,89677.23,1.38163
2025-12-07 06:35:00,89677.23,89687.72,89677.22,89687.71,0.80135
2025-12-07 06:36:00,89687.72,89687.72,89687.71,89687.71,0.08783
2025-12-07 06:37:00,89687.71,89687.71,89659.0,89659.0,1.30943
2025-12-07 06:38:00,89659.0,89660.87,89651.98,89660.87,1.12021
2025-12-07 06:39:00,89660.86,89662.67,89660.86,89662.66,1.94169
2025-12-07 06:40:00,89662.66,89662.67,89654.92,89656.15,0.83274
2025-12-07 06:41:00,89656.16,89656.16,89656.15,89656.16,0.78642
2025-12-07 06:42:00,89656.16,89669.46,89656.15,89669.46,0.52214
2025-12-07 06:43:00,89669.46,89673.49,89669.45,89673.49,1.10554
2025-12-07 06:44:00,89673.48,89673.49,89662.31,89662.31,1.8574
2025-12-07 06:45:00,89662.32,89662.32,89662.31,89662.31,0.41434
2025-12-07 06:46:00,89662.32,89672.37,89662.31,89672.37,1.29746
2025-12-07 06:47:00,89672.36,89672.37,89652.0,89652.01,2.68332
2025-12-07 06:48:00,89652.0,89652.01,89652.0,89652.01,0.3924
